휴게소명,도로종류,도로노선번호,도로노선명,도로노선방향,위도,경도,휴게소종류,휴게소운영시작시각,휴게소운영종료시각,도로점용면적,주차면수,경정비가능여부,주유소유무,LPG충전소유무,전기차충전소유무,버스환승가능여부,쉼터유무,화장실유무,약국유무,수유실유무,매점유무,음식점유무,기타편의시설,휴게소대표음식명,휴게소전화번호,데이터기준일자,제공기관코드,제공기관명
논공(대구),고속국도,12,광주대구선,상행,35.764989,128.402909,일반휴게소,00:00,23:59,37766,156,N,Y,Y,Y,N,N,Y,N,Y,Y,Y,,,070-4304-0620,2021-08-09,B500004,한국도로공사
단양팔경(부산),고속국도,55,중앙선,하행,36.995459,128.287616,일반휴게소,00:00,23:59,31481,112,N,Y,Y,Y,N,Y,Y,N,Y,Y,Y,,,043-423-5401,2021-08-09,B500004,한국도로공사
단양팔경(춘천),고속국도,55,중앙선,상행,36.942903,128.322142,일반휴게소,00:00,23:59,79980,111,N,Y,Y,Y,N,Y,Y,N,Y,Y,Y,,,043-421-1671,2021-08-09,B500004,한국도로공사
대천(목포),고속국도,15,서해안선,하행,36.372995,126.555684,일반휴게소,00:00,23:59,38519,196,Y,Y,Y,Y,N,N,Y,N,Y,Y,Y,,,041-931-6901,2021-08-09,B500004,한국도로공사
대천(서울),고속국도,15,서해안선,상행,36.374457,126.558327,일반휴게소,00:00,23:59,49169,234,Y,Y,Y,Y,N,N,Y,N,Y,Y,Y,,,041-931-6801,2021-08-09,B500004,한국도로공사
덕유산(대전),고속국도,35,대전통영선,상행,35.816481,127.646149,일반휴게소,00:00,23:59,43941,193,N,Y,Y,Y,N,N,Y,N,Y,Y,Y,,,063-353-4200,2021-08-09,B500004,한국도로공사
낙동강의성휴게소,고속국도,301,상주영천선,하행,36.343660,128.300492,일반휴게소,00:00,23:59,48351,266,N,Y,Y,Y,Y,Y,Y,N,Y,Y,Y,샤워실+세탁실+ATM+기사식당,의성마늘돈까스,054-475-2975,2019-08-27,1611000,국토해양부
양평휴게소(하행),고속국도,52,광주원주선,하행,37.397226,127.726705,일반휴게소,00:00,23:59,34485,280,N,Y,N,Y,N,Y,Y,N,Y,Y,Y,고객용PC+ATM+휴대폰충전기+하이패스무인충전기+프린터+ FAX,양평가마솥장터국밥+양평궁중비빔밥,031-8027-2172,2019-08-27,1611000,국토해양부
양평휴게소(상행),고속국도,52,광주원주선,상행,37.399238,127.723546,일반휴게소,00:00,23:59,34768,222,N,Y,N,Y,N,Y,Y,N,Y,Y,Y,고객용PC+ATM+휴대폰충전기+하이패스무인충전기+프린터+ FAX,양평가마솥장터국밥+양평궁중비빔밥,031-8027-2191,2019-08-27,1611000,국토해양부
경기광주휴게소(하행),고속국도,52,광주원주선,하행,37.379740,127.436260,일반휴게소,00:00,23:59,38897,242,N,Y,Y,Y,N,Y,Y,N,Y,Y,Y,고객용PC+ATM+휴대폰충전기+하이패스무인충전기+프린터+ FAX,소불고기반상+갑오징어와제육불고기쌈밥,031-8027-3940,2019-08-27,1611000,국토해양부
경기광주휴게소(상행),고속국도,52,광주원주선,상행,37.380758,127.425385,일반휴게소,00:00,23:59,38613,252,N,Y,Y,Y,N,Y,Y,N,Y,Y,Y,고객용PC+ATM+휴대폰충전기+하이패스무인충전기+프린터+ FAX,소머리곰탕+교동짬뽕,031-8027-3945,2019-08-27,1611000,국토해양부
송산포도휴게소,고속국도,153,평택시흥선,양방향,37.234958,126.760237,일반휴게소,00:00,23:59,116726,586,N,Y,Y,Y,N,Y,Y,N,Y,Y,Y,"샤워실+세탁실+ATM+특산물+하이패스무인충전기+와이파이존+공기청정기+식권무인발매기+고객용PC 및 프린터, FAX, 핸드폰충전기+셀프코너(주유소)",송산이네 우리콩 된장찌개+송산포도호두과자,031-355-1564,2019-08-27,1611000,국토해양부
오산휴게소(하행),고속국도,400,수도권제2순환선(봉담-동탄),하행,37.175917,127.038088,일반휴게소,00:00,23:59,62167,244,N,Y,Y,Y,N,Y,Y,N,Y,Y,Y,ATM,곤드레돌솥비빔밥+짬뽕순두부찌개,031-370-5500,2019-08-27,1611000,국토해양부
오산휴게소(상행),고속국도,400,수도권제2순환선(봉담-동탄),상행,37.178892,127.036575,일반휴게소,00:00,23:59,51647,192,N,Y,Y,Y,N,Y,Y,N,Y,Y,Y,ATM,곤드레돌솥비빔밥+짬뽕순두부찌개,031-370-5550,2019-08-27,1611000,국토해양부
가평휴게소(하행),고속국도,60,서울양양선(서울-춘천),상행,37.702608,127.546298,일반휴게소,00:00,23:59,52697,581,Y,Y,Y,Y,N,Y,Y,Y,Y,Y,Y,ATM+애견파크+야외테라스 쉼터+핸드폰 충전기+고객용 PC 및 프린터+고객 도움벨,가평잣소고기국밥+가평잣산채비빔밥+해물순두부찌개,031-584-1426,2019-08-27,1611000,국토해양부
가평휴게소(상행),고속국도,60,서울양양선(서울-춘천),하행,37.701486,127.543445,일반휴게소,00:00,23:59,52236,565,Y,Y,Y,Y,N,Y,Y,N,Y,Y,Y,ATM+특산물코너+야외테라스 쉼터+핸드폰 충전기+고객용 PC 및 프린터+고객 도움벨,가평잣소고기국밥+가평잣산채비빔밥+해물순두부찌개,031-584-1425,2019-08-27,1611000,국토해양부
장안휴게소(하행),고속국도,65,부산울산선,하행,35.381913,129.247302,일반휴게소,00:00,23:59,45721,167,N,Y,Y,Y,N,Y,Y,N,Y,Y,Y,ATM+특산물코너+산책로,사골버섯육개장,051-727-3647,2019-08-27,1611000,국토해양부
장안휴게소(상행),고속국도,65,부산울산선,상행,35.379502,129.247713,일반휴게소,00:00,23:59,40848,167,N,Y,Y,Y,N,Y,Y,N,Y,Y,Y,ATM+특산물코너,사골버섯육개장,051-727-3714,2019-08-27,1611000,국토해양부
양주간이휴게소,고속국도,100,서울외곽순환선,하행,37.4046243,126.5510345,간이휴게소,00:00,23:59,5965,81,N,Y,Y,Y,Y,N,Y,N,Y,Y,Y,ATM,덕평소고기 국밥,031-871-2994,2019-08-27,1611000,국토해양부
청도새마을휴게소(하행),고속국도,55,중앙선(대구-부산),하행,35.599057,128.768933,일반휴게소,00:00,23:59,53473,214,Y,Y,Y,Y,N,Y,Y,N,Y,Y,Y,전망대+샤워실+세탁실+ATM+내고장특산물코너+와이파이공유기+쓰레기통,새마을육개장,054-373-8121,2019-08-27,1611000,국토해양부
청도새마을휴게소(상행),고속국도,55,중앙선(대구-부산),상행,35.589988,128.767670,일반휴게소,00:00,23:59,61078,287,Y,Y,Y,Y,N,Y,Y,N,Y,Y,Y,샤워실+세탁실+ATM+내고장특산물코너+와이파이공유기+쓰레기통,새마을육개장,054-373-6280,2019-08-27,1611000,국토해양부
탄천휴게소,고속국도,25,호남선(천안-논산),하행,36.320162,127.071268,일반휴게소,00:00,23:59,18703,184,Y,Y,Y,Y,N,Y,Y,N,Y,Y,Y,"ATM+백제문화갤러리+공주 장선리 토실 유적지+무료와이파이+핸드폰충전기+하이패스무인충전기+프린터,팩스,고객용PC",왕갈비탕+생생돈가스,041-854-3521,2019-08-27,1611000,국토해양부
이인휴게소,고속국도,25,호남선(천안-논산),상행,36.351691,127.068272,일반휴게소,00:00,23:59,18461,194,Y,Y,Y,Y,N,Y,Y,N,Y,Y,Y,ATM+장승공원+무료와이파이+핸드폰충전기+하이패스무인충전기+프린터+팩스+고객용PC,왕갈비탕+생생돈가스,041-856-8351,2019-08-27,1611000,국토해양부
정안알밤휴게소(하행),고속국도,25,호남선(천안-논산),하행,36.572056,127.113535,일반휴게소,00:00,23:59,17358,332,Y,Y,Y,Y,Y,Y,Y,N,Y,Y,Y,"ATM+다람쥐공원+연못+어린이놀이터+로컬푸드코너+고객용PC+휴대폰충전기+하이패스무인충전기(하이플러스, EX)+복합기(프린터,팩스)+고속도로교통정보 모니터+와이파이공유기",왕갈비탕+알밤한우돌솥비빔밥+김치찌개,041-858-0522,2019-08-27,1611000,국토해양부
정안알밤휴게소(상행),고속국도,25,호남선(천안-논산),상행,36.568514,127.113663,일반휴게소,00:00,23:59,20344,277,Y,Y,Y,Y,Y,Y,Y,N,Y,Y,Y,"ATM+산책로(지압길, 체육시설)+전망대+고객용PC+휴대폰충전기+하이패스무인충전기(하이플러스, EX)+복합기(프린터,팩스)+고속도로교통정보 모니터+와이파이공유기",왕갈비탕+정안알밤닭갈비화로구이,041-858-0562,2019-08-27,1611000,국토해양부
영종대교휴게소,고속국도,130,인천국제공항선,하행,37.553795,126.607044,일반휴게소,08:00,21:00,10115,82,N,Y,N,Y,N,Y,Y,N,Y,Y,Y,느린우체통+전망대+ATM+하이패스무인충전기,장터국밥+수제왕돈까스+전주비빕밥,032-560-6400,2019-08-27,1611000,국토해양부
의정부휴게소,고속국도,29,세종포천선(구리-포천),상행,37.435893,127.114709,일반휴게소,00:00,23:59,39616,259,N,Y,Y,Y,N,Y,Y,N,Y,Y,Y,샤워실+세탁실+수면실+ATM,의정부부대찌개,031-928-4113,2019-08-27,1611000,국토해양부
별내휴게소,고속국도,29,세종포천선(구리-포천),하행,37.7068902,127.126789,일반휴게소,00:00,23:59,41358,247,N,Y,Y,Y,N,Y,Y,N,Y,Y,Y,샤워실+세탁실+수면실+ATM,남양주식불고기비빔밥,031-524-9773,2019-08-27,1611000,국토해양부
삼국유사군위휴게소,고속국도,301,상주영천선,상행,36.079721,128.696781,일반휴게소,00:00,23:59,52679,261,N,Y,Y,Y,N,Y,Y,N,Y,Y,Y,샤워실+세탁실+ATM+기사식당,추억의 도시락,054-383-8778,2019-08-27,1611000,국토해양부
군위영천휴게소,고속국도,301,상주영천선,하행,36.071348,128.708164,일반휴게소,00:00,23:59,53830,261,N,Y,Y,Y,N,Y,Y,N,Y,Y,Y,샤워실+세탁실+ATM+기사식당,추억의 도시락,054-383-8448,2019-08-27,1611000,국토해양부
낙동강구미휴게소,고속국도,301,상주영천선,상행,36.346071,128.296200,일반휴게소,00:00,23:59,48338,266,N,Y,Y,Y,Y,Y,Y,N,Y,Y,Y,샤워실+세탁실+ATM+기사식당,양지버섯국밥,054-475-2971,2019-08-27,1611000,국토해양부
덕유산(통영),고속국도,35,대전통영선,하행,35.813428,127.643173,일반휴게소,00:00,23:59,47737,206,N,Y,Y,Y,N,N,Y,N,Y,Y,Y,,,063-353-5100,2021-08-09,B500004,한국도로공사
덕평,고속국도,50,영동선,양방향,37.241456,127.390189,일반휴게소,00:00,23:59,182761,670,N,Y,Y,Y,N,Y,Y,Y,Y,Y,Y,,,031-645-0001,2021-08-09,B500004,한국도로공사
동명(부산),고속국도,55,중앙선,하행,36.0069901,128.546504,일반휴게소,00:00,23:59,28095,235,N,Y,Y,Y,N,N,Y,N,Y,Y,Y,,,054-977-6922,2021-08-09,B500004,한국도로공사
동명(춘천),고속국도,55,중앙선,상행,36.006426,128.5493901,일반휴게소,00:00,23:59,28096,194,N,Y,Y,Y,N,N,Y,N,Y,Y,Y,,,054-977-6901,2021-08-09,B500004,한국도로공사
동해(삼척),고속국도,65,동해선,하행,37.601776,129.073636,일반휴게소,00:00,23:59,39724,86,N,Y,Y,Y,N,N,Y,N,Y,Y,Y,,,033-534-6631,2021-08-09,B500004,한국도로공사
마장,고속국도,35,중부선,양방향,37.263849,127.407043,일반휴게소,00:00,23:59,103000,620,N,Y,Y,Y,N,N,Y,Y,Y,Y,Y,,,031-630-0001,2021-08-09,B500004,한국도로공사
망향(부산),고속국도,1,경부선,하행,36.8556501,127.180929,일반휴게소,00:00,23:59,34779,332,Y,Y,Y,Y,N,Y,Y,N,Y,Y,Y,,,041-557-4000,2021-08-09,B500004,한국도로공사
매송(목포),고속국도,15,서해안선,하행,37.265084,126.888544,화물차휴게소,00:00,23:59,80395,394,N,Y,N,Y,N,Y,Y,N,Y,Y,Y,,,031-296-1501,2021-08-09,B500004,한국도로공사
매송(서울),고속국도,15,서해안선,상행,37.264769,126.891795,화물차휴게소,00:00,23:59,87552,396,N,Y,N,Y,N,Y,Y,N,Y,Y,Y,,,031-295-1501,2021-08-09,B500004,한국도로공사
목감(서울),고속국도,15,서해안선,상행,37.389393,126.869964,간이휴게소,00:00,23:59,19800,85,N,Y,Y,N,N,N,Y,N,Y,Y,Y,,,031-411-0590,2021-08-09,B500004,한국도로공사
문경(양평),고속국도,45,중부내륙선,상행,36.621068,128.1523901,화물차휴게소,00:00,23:59,58347,177,N,Y,Y,Y,N,Y,Y,N,Y,Y,Y,,,054-554-1610,2021-08-09,B500004,한국도로공사
문경(창원),고속국도,45,중부내륙선,하행,36.620549,128.149982,화물차휴게소,00:00,23:59,74440,146,Y,Y,Y,Y,N,Y,Y,N,Y,Y,Y,,,054-554-1655,2021-08-09,B500004,한국도로공사
문막(강릉),고속국도,50,영동선,상행,37.335469,127.8582201,일반휴게소,00:00,23:59,42780,182,N,Y,Y,Y,N,Y,Y,Y,Y,Y,Y,,,033-731-8481,2021-08-09,B500004,한국도로공사
문막(인천),고속국도,50,영동선,하행,37.297853,127.817261,일반휴게소,00:00,23:59,18397,164,N,Y,N,Y,N,Y,Y,N,Y,Y,Y,,,033-747-8162,2021-08-09,B500004,한국도로공사
문산(순천),고속국도,10,남해선,하행,35.171374,128.151591,일반휴게소,00:00,23:59,52200,298,N,Y,Y,Y,N,Y,Y,N,Y,Y,Y,,,055-761-2820,2021-08-09,B500004,한국도로공사
백양사(순천),고속국도,25,호남선,하행,35.394425,126.805361,일반휴게소,00:00,23:59,31030,70,N,Y,Y,Y,N,Y,Y,N,Y,Y,Y,,,061-394-9990,2021-08-09,B500004,한국도로공사
백양사(천안),고속국도,25,호남선,상행,35.393018,126.807376,일반휴게소,00:00,23:59,29681,70,N,Y,Y,Y,N,Y,Y,N,Y,Y,Y,,,061-394-5177,2021-08-09,B500004,한국도로공사
벌곡(논산),고속국도,251,호남지선,하행,36.217974,127.273468,일반휴게소,00:00,23:59,27840,141,N,Y,Y,Y,N,N,Y,N,Y,Y,Y,,,041-732-7694,2021-08-09,B500004,한국도로공사
벌곡(대전),고속국도,251,호남지선,상행,36.210451,127.270542,일반휴게소,00:00,23:59,24628,171,N,Y,Y,Y,N,N,Y,N,Y,Y,Y,,,041-734-5250,2021-08-09,B500004,한국도로공사
보성녹차(순천),고속국도,10,남해선,하행,34.807313,127.181003,간이휴게소,00:00,23:59,27411,85,N,Y,Y,Y,N,Y,Y,N,Y,Y,Y,,,070-4325-8808,2021-08-09,B500004,한국도로공사
보성녹차(영암),고속국도,10,남해선,상행,34.807313,127.181003,간이휴게소,00:00,23:59,41433,71,N,Y,Y,Y,N,Y,Y,N,Y,Y,Y,,,070-4325-8801,2021-08-09,B500004,한국도로공사
부여백제(공주),고속국도,151,서천공주선,상행,36.258352,126.8000701,일반휴게소,00:00,23:59,71199,95,N,Y,Y,Y,N,Y,Y,N,Y,Y,Y,,,041-833-5400,2021-08-09,B500004,한국도로공사
부여백제(서천),고속국도,151,서천공주선,하행,36.258383,126.796755,일반휴게소,00:00,23:59,72611,99,N,Y,Y,Y,N,Y,Y,N,Y,Y,Y,,,041-834-5600,2021-08-09,B500004,한국도로공사
사천(부산),고속국도,10,남해선,상행,35.073173,128.010802,일반휴게소,00:00,23:59,21205,134,N,Y,Y,Y,N,Y,Y,N,Y,Y,Y,,,055-854-3134,2021-08-09,B500004,한국도로공사
사천(순천),고속국도,10,남해선,하행,35.074968,128.012589,일반휴게소,00:00,23:59,30117,131,N,Y,Y,Y,N,Y,Y,N,Y,Y,Y,,,055-854-3547,2021-08-09,B500004,한국도로공사
산청(대전),고속국도,35,대전통영선,상행,35.333522,127.938998,일반휴게소,00:00,23:59,30853,139,N,Y,Y,Y,N,Y,Y,N,Y,Y,Y,,,055-973-5970,2021-08-09,B500004,한국도로공사
산청(통영),고속국도,35,대전통영선,하행,35.333504,127.937049,일반휴게소,00:00,23:59,26830,104,N,Y,Y,Y,N,Y,Y,N,Y,Y,Y,,,055-973-9036,2021-08-09,B500004,한국도로공사
서산(목포),고속국도,15,서해안선,하행,36.742991,126.565029,일반휴게소,00:00,23:59,61600,266,Y,Y,Y,Y,N,Y,Y,N,Y,Y,Y,,,041-688-8814,2021-08-09,B500004,한국도로공사
서산(서울),고속국도,15,서해안선,상행,36.734194,126.566302,일반휴게소,00:00,23:59,53378,213,Y,Y,Y,Y,N,Y,Y,N,Y,Y,Y,,,041-688-7714,2021-08-09,B500004,한국도로공사
서여주(양평),고속국도,45,중부내륙,상행,37.278607,127.580501,간이휴게소,00:00,23:59,58111,70,N,Y,Y,Y,N,N,Y,N,Y,Y,Y,,,031-885-9760,2021-08-09,B500004,한국도로공사
서여주(창원),고속국도,45,중부내륙,하행,37.279412,127.578083,간이휴게소,00:00,23:59,51095,65,N,Y,Y,Y,N,N,Y,N,Y,Y,Y,,,031-884-9714,2021-08-09,B500004,한국도로공사
서울만남(부산),고속국도,1,경부선,하행,37.460166,127.041908,일반휴게소,00:00,23:59,13845,262,N,Y,Y,Y,N,Y,Y,N,Y,Y,Y,,,02-578-3372,2021-08-09,B500004,한국도로공사
서천(목포),고속국도,15,서해안선,하행,36.129505,126.626485,일반휴게소,00:00,23:59,57948,147,N,Y,Y,Y,N,N,Y,N,Y,Y,Y,,,041-952-5757,2021-08-09,B500004,한국도로공사
서천(서울),고속국도,15,서해안선,상행,36.131929,126.627834,일반휴게소,00:00,23:59,54919,206,N,Y,Y,Y,N,N,Y,N,Y,Y,Y,,,041-952-9700,2021-08-09,B500004,한국도로공사
선산(양평),고속국도,45,중부내륙선,상행,36.277941,128.249296,일반휴게소,00:00,23:59,32460,274,N,Y,Y,Y,Y,Y,Y,N,Y,Y,Y,,,054-482-6011,2021-08-09,B500004,한국도로공사
선산(창원),고속국도,45,중부내륙선,하행,36.274223,128.250745,일반휴게소,00:00,23:59,28943,297,N,Y,Y,Y,Y,Y,Y,N,Y,Y,Y,,,054-482-6031,2021-08-09,B500004,한국도로공사
섬진강(부산),고속국도,25,호남선,상행,34.9847001,127.770697,일반휴게소,00:00,23:59,18130,195,N,Y,N,Y,Y,N,Y,N,Y,Y,Y,,,061-772-7986,2021-08-09,B500004,한국도로공사
섬진강(순천),고속국도,25,호남선,하행,34.985669,127.769329,일반휴게소,00:00,23:59,15454,184,N,Y,N,Y,Y,N,Y,N,Y,Y,Y,,,061-772-7993,2021-08-09,B500004,한국도로공사
성주(양평),고속국도,45,중부내륙선,상행,36.0082601,128.261541,화물차휴게소,00:00,23:59,38848,180,N,Y,N,Y,N,Y,Y,N,Y,Y,Y,,,054-933-0800,2021-08-09,B500004,한국도로공사
성주(창원),고속국도,45,중부내륙선,하행,36.010603,128.259675,화물차휴게소,00:00,23:59,38631,180,N,Y,N,Y,N,Y,Y,N,Y,Y,Y,,,054-932-0800,2021-08-09,B500004,한국도로공사
속리산(청주),고속국도,30,당진영덕선,하행,36.447804,127.869061,일반휴게소,00:00,23:59,53607,150,N,Y,Y,Y,N,N,Y,N,Y,Y,Y,,,043-544-1466,2021-08-09,B500004,한국도로공사
순천(순천),고속국도,25,호남선,하행,35.0085501,127.445044,간이휴게소,00:00,23:59,23306,42,N,N,Y,Y,N,Y,Y,N,Y,Y,Y,,,061-755-4982,2021-08-09,B500004,한국도로공사
시흥하늘,고속국도,100,수도권제1순환선,양방향,37.383794,126.855452,일반휴게소,00:00,23:59,16700,560,N,Y,Y,Y,N,N,Y,Y,Y,Y,Y,,,031-481-9764,2021-08-09,B500004,한국도로공사
신탄진(서울),고속국도,1,경부선,상행,36.426834,127.418438,화물차휴게소,00:00,23:59,63846,293,Y,Y,Y,Y,N,N,Y,N,Y,Y,Y,,,042-934-2442,2021-08-09,B500004,한국도로공사
안동(부산),고속국도,55,중앙선,하행,36.553167,128.641923,일반휴게소,00:00,23:59,42822,190,N,Y,Y,Y,N,N,Y,N,Y,Y,Y,,,054-853-4370,2021-08-09,B500004,한국도로공사
안동(춘천),고속국도,55,중앙선,상행,36.5534301,128.645144,일반휴게소,00:00,23:59,40874,254,N,Y,Y,Y,N,N,Y,N,Y,Y,Y,,,054-853-4061,2021-08-09,B500004,한국도로공사
안성(부산),고속국도,1,경부선,하행,37.013407,127.1448001,일반휴게소,00:00,23:59,28974,479,N,Y,Y,Y,N,Y,Y,N,Y,Y,Y,,,031-655-0531,2021-08-09,B500004,한국도로공사
안성(서울),고속국도,1,경부선,상행,37.076681,127.132496,일반휴게소,00:00,23:59,85692,385,N,Y,Y,Y,N,Y,Y,N,Y,Y,Y,,,031-611-5793,2021-08-09,B500004,한국도로공사
안성맞춤(제천),고속국도,40,평택제천선,하행,36.968057,127.274261,일반휴게소,00:00,23:59,66492,148,N,Y,Y,Y,N,Y,Y,N,Y,Y,Y,,,031-674-4406,2021-08-09,B500004,한국도로공사
안성맞춤(평택),고속국도,40,평택제천선,상행,36.969915,127.274619,일반휴게소,00:00,23:59,59766,141,N,Y,Y,Y,N,Y,Y,N,Y,Y,Y,,,031-673-3822,2021-08-09,B500004,한국도로공사
양산(서울),고속국도,1,경부선,상행,35.323172,129.056867,일반휴게소,00:00,23:59,35779,207,N,Y,Y,Y,N,N,Y,N,Y,Y,Y,,,055-384-0144,2021-08-09,B500004,한국도로공사
언양(서울),고속국도,1,경부선,상행,35.597942,129.141801,일반휴게소,00:00,23:59,27816,170,N,Y,Y,Y,N,Y,Y,N,Y,Y,Y,,,052-263-6153,2021-08-09,B500004,한국도로공사
여산(순천),고속국도,25,호남선,하행,36.048555,127.102333,일반휴게소,00:00,23:59,51744,2,N,Y,Y,Y,N,N,Y,N,Y,Y,Y,,,063-836-5280,2021-08-09,B500004,한국도로공사
여산(천안),고속국도,25,호남선,상행,36.048528,127.104716,일반휴게소,00:00,23:59,28050,184,N,Y,Y,N,N,N,Y,N,Y,Y,Y,,,063-836-5168,2021-08-09,B500004,한국도로공사
여주(강릉),고속국도,50,영동선,상행,37.238022,127.568892,일반휴게소,00:00,23:59,52610,252,N,Y,Y,Y,N,Y,Y,Y,Y,Y,Y,,,031-882-3120,2021-08-09,B500004,한국도로공사
여주(인천),고속국도,50,영동선,하행,37.239739,127.569949,일반휴게소,00:00,23:59,47973,247,N,Y,Y,Y,N,Y,Y,N,Y,Y,Y,,,031-882-2900,2021-08-09,B500004,한국도로공사
영산(창원),고속국도,451,중부내륙지선,하행,35.429794,128.495915,일반휴게소,00:00,23:59,20609,102,N,Y,Y,Y,N,Y,Y,N,Y,Y,Y,,,055-521-2978,2021-08-09,B500004,한국도로공사
영천(대구),고속국도,20,대구포항선,하행,36.053254,129.044422,화물차휴게소,00:00,23:59,80288,304,N,Y,Y,Y,N,Y,Y,N,Y,Y,Y,,,054-338-0037,2021-08-09,B500004,한국도로공사
영천(포항),고속국도,20,대구포항선,상행,36.051451,129.042544,화물차휴게소,00:00,23:59,74442,270,N,Y,Y,Y,N,Y,Y,N,Y,Y,Y,,,054-338-0062,2021-08-09,B500004,한국도로공사
예산(당진),고속국도,30,당진영덕선,하행,36.619429,126.846389,일반휴게소,00:00,23:59,66423,150,N,Y,Y,Y,N,N,Y,N,Y,Y,Y,,,041-335-0020,2021-08-09,B500004,한국도로공사
예산(대전),고속국도,30,당진영덕선,상행,36.6234601,126.839619,일반휴게소,00:00,23:59,62787,119,N,Y,Y,Y,N,N,Y,N,Y,Y,Y,,,041-334-0094,2021-08-09,B500004,한국도로공사
오수(순천),고속국도,27,순천완주선,하행,35.540925,127.309267,일반휴게소,00:00,23:59,57978,156,N,Y,Y,Y,N,N,Y,N,Y,Y,Y,,,063-644-6116,2021-08-09,B500004,한국도로공사
오수(완주),고속국도,27,순천완주선,상행,35.540271,127.311622,일반휴게소,00:00,23:59,44883,156,N,Y,Y,Y,N,N,Y,N,Y,Y,Y,,,063-644-5115,2021-08-09,B500004,한국도로공사
오창(남이),고속국도,35,중부선,하행,36.758481,127.481777,일반휴게소,00:00,23:59,11001,49,N,Y,N,Y,N,Y,Y,N,Y,Y,Y,,,043-217-1477,2021-08-09,B500004,한국도로공사
오창(하남),고속국도,35,중부선,상행,36.756581,127.481909,일반휴게소,00:00,23:59,16297,65,N,Y,N,Y,N,Y,Y,N,Y,Y,Y,,,043-217-8303,2021-08-09,B500004,한국도로공사
옥계(속초),고속국도,65,동해선,상행,37.616198,129.060129,일반휴게소,00:00,23:59,70390,230,N,Y,Y,Y,N,Y,Y,N,Y,Y,Y,,,033-534-1700,2021-08-09,B500004,한국도로공사
옥산(부산),고속국도,1,경부선,하행,36.657743,127.369817,화물차휴게소,00:00,23:59,33272,319,Y,Y,Y,Y,N,N,Y,N,Y,Y,Y,,,043-260-1053,2021-08-09,B500004,한국도로공사
옥천(부산),고속국도,1,경부선,하행,36.296863,127.595223,화물차휴게소,00:00,23:59,43421,145,Y,Y,Y,Y,N,Y,Y,N,Y,Y,Y,,,043-731-8521,2021-08-09,B500004,한국도로공사
옥천(서울),고속국도,1,경부선,상행,36.297616,127.598777,일반휴게소,00:00,23:59,25278,126,Y,Y,Y,Y,N,Y,Y,N,Y,Y,Y,,,043-731-8097,2021-08-09,B500004,한국도로공사
옥천만남,고속국도,1,경부선,양방향,36.308718,127.572308,화물차휴게소,00:00,23:59,45218,169,Y,Y,N,Y,N,Y,Y,N,N,Y,N,,,043-732-0081,2021-08-09,B500004,한국도로공사
와촌(포항),고속국도,20,대구포항선,상행,35.951819,128.775563,일반휴게소,00:00,23:59,41484,163,N,Y,Y,Y,N,N,Y,N,Y,Y,Y,,,053-853-1002,2021-08-09,B500004,한국도로공사
외동(부산),고속국도,65,울산포항선,하행,35.672753,129.285277,일반휴게소,00:00,23:59,27498,72,N,Y,N,Y,N,N,Y,N,Y,Y,Y,,,054-745-0637,2021-08-09,B500004,한국도로공사
외동(포항),고속국도,65,울산포항선,상행,35.672847,129.288543,일반휴게소,00:00,23:59,29069,72,N,Y,N,Y,N,N,Y,N,Y,Y,Y,,,054-745-0631,2021-08-09,B500004,한국도로공사
용인(강릉),고속국도,50,영동선,상행,37.245583,127.2419801,일반휴게소,00:00,23:59,33223,286,N,Y,Y,Y,N,Y,Y,N,Y,Y,Y,,,031-339-3663,2021-08-09,B500004,한국도로공사
용인(인천),고속국도,50,영동선,하행,37.248318,127.238342,일반휴게소,00:00,23:59,32862,163,N,Y,Y,Y,N,Y,Y,N,Y,Y,Y,,,031-339-3660,2021-08-09,B500004,한국도로공사
울주(울산),고속국도,14,밀양울산선,상행,35.510821,129.130435,일반휴게소,00:00,23:59,0,0,N,Y,N,N,N,Y,Y,N,Y,Y,Y,,,052-977-3243,2021-08-09,B500004,한국도로공사
울주(함양),고속국도,14,밀양울산선,하행,35.5131601,129.128519,일반휴게소,00:00,23:59,0,0,N,Y,N,N,N,Y,Y,N,Y,Y,Y,,,052-933-5242,2021-08-09,B500004,한국도로공사
원주(부산),고속국도,55,중앙선,하행,37.435194,127.929063,일반휴게소,00:00,23:59,48897,173,N,Y,Y,Y,N,Y,Y,N,Y,Y,Y,,,033-731-4291,2021-08-09,B500004,한국도로공사
원주(춘천),고속국도,55,중앙선,상행,37.434542,127.931768,일반휴게소,00:00,23:59,42927,188,N,Y,N,Y,N,Y,Y,N,Y,Y,Y,,,033-731-8194,2021-08-09,B500004,한국도로공사
음성(남이),고속국도,35,중부선,하행,37.019638,127.480712,일반휴게소,00:00,23:59,77783,361,N,Y,Y,Y,N,N,Y,N,Y,Y,Y,,,043-878-6410,2021-08-09,B500004,한국도로공사
음성(하남),고속국도,35,중부선,상행,37.022065,127.484315,일반휴게소,00:00,23:59,43895,260,N,Y,Y,Y,N,N,Y,N,Y,Y,Y,,,043-878-6403,2021-08-09,B500004,한국도로공사
의성(영덕),고속국도,30,상주영덕선,상행,36.409501,128.447699,간이휴게소,00:00,23:59,19101,47,N,Y,Y,Y,N,N,Y,N,Y,Y,Y,,,054-862-9252,2021-08-09,B500004,한국도로공사
의성(청주),고속국도,30,상주영덕선,하행,36.410954,128.4447101,간이휴게소,00:00,23:59,16237,47,N,Y,Y,Y,N,N,Y,N,Y,Y,Y,,,054-862-9076,2021-08-09,B500004,한국도로공사
이서(순천),고속국도,25,호남선,하행,35.803936,127.023705,화물차휴게소,00:00,23:59,27508,91,N,Y,Y,Y,N,Y,Y,N,Y,Y,Y,,,063-227-4114,2021-08-09,B500004,한국도로공사
이서(천안),고속국도,25,호남선,상행,35.801932,127.025759,화물차휴게소,00:00,23:59,29463,90,N,Y,Y,Y,N,Y,Y,N,Y,Y,Y,,,063-236-2592,2021-08-09,B500004,한국도로공사
이천(남이),고속국도,35,중부선,하행,37.264574,127.403687,일반휴게소,00:00,23:59,82868,244,N,Y,Y,Y,N,N,Y,N,Y,Y,Y,,,031-637-0987,2021-08-09,B500004,한국도로공사
이천(하남),고속국도,35,중부선,상행,37.293979,127.378203,일반휴게소,00:00,23:59,70002,128,N,Y,Y,Y,N,N,Y,N,Y,Y,Y,,,031-638-1117,2021-08-09,B500004,한국도로공사
입장거봉포도(서울),고속국도,1,경부선,상행,36.942997,127.192467,화물차휴게소,00:00,23:59,81553,309,Y,Y,Y,Y,N,Y,Y,N,Y,Y,Y,,,041-588-7868,2021-08-09,B500004,한국도로공사
장유(서부산),고속국도,10,남해선,하행,35.212074,128.7935801,일반휴게소,00:00,23:59,41925,107,N,Y,Y,Y,N,Y,Y,N,Y,Y,Y,,,055-313-2610,2021-08-09,B500004,한국도로공사
장흥정남진,고속국도,10,남해선,양방향,34.720894,126.931319,일반휴게소,00:00,23:59,0,0,N,Y,N,N,N,Y,Y,N,Y,Y,Y,,,061-864-5007,2021-08-09,B500004,한국도로공사
정읍녹두장군(순천),고속국도,25,호남선,하행,35.601465,126.862006,일반휴게소,00:00,23:59,40011,126,N,Y,Y,Y,N,N,Y,N,Y,Y,Y,,,063-532-0510,2021-08-09,B500004,한국도로공사
정읍녹두장군(천안),고속국도,25,호남선,상행,35.599975,126.864336,일반휴게소,00:00,23:59,28126,174,N,Y,Y,Y,N,N,Y,N,Y,Y,Y,,,063-532-2373,2021-08-09,B500004,한국도로공사
주암(순천),고속국도,25,호남선,하행,35.076197,127.2641001,일반휴게소,00:00,23:59,28705,95,N,Y,Y,Y,N,Y,Y,N,Y,Y,Y,,,061-754-4980,2021-08-09,B500004,한국도로공사
주암(천안),고속국도,25,호남선,상행,35.076587,127.265762,일반휴게소,00:00,23:59,25780,120,N,Y,Y,Y,N,Y,Y,N,Y,Y,Y,,,061-754-2432,2021-08-09,B500004,한국도로공사
죽암(부산),고속국도,1,경부선,하행,36.4868101,127.429261,일반휴게소,00:00,23:59,29312,175,N,Y,Y,Y,N,N,Y,N,Y,Y,Y,,,043-269-0850,2021-08-09,B500004,한국도로공사
죽암(서울),고속국도,1,경부선,상행,36.496775,127.4306501,일반휴게소,00:00,23:59,18860,240,Y,Y,Y,Y,N,N,Y,N,Y,Y,Y,,,043-260-8035,2021-08-09,B500004,한국도로공사
죽전(서울),고속국도,1,경부선,상행,37.332371,127.104795,일반휴게소,00:00,23:59,28982,186,N,Y,N,Y,N,Y,Y,N,Y,Y,Y,,,031-262-3168,2021-08-09,B500004,한국도로공사
지리산(광주),고속국도,12,광주대구선,하행,35.483942,127.567106,일반휴게소,00:00,23:59,40224,141,N,Y,Y,Y,N,N,Y,N,Y,Y,Y,,,063-636-7195,2021-08-09,B500004,한국도로공사
지리산(대구),고속국도,12,광주대구선,상행,35.481353,127.566804,일반휴게소,00:00,23:59,61516,104,N,Y,Y,Y,N,N,Y,N,Y,Y,Y,,,063-636-7191,2021-08-09,B500004,한국도로공사
진안마이산(익산),고속국도,20,익산장수선,하행,35.777898,127.425279,일반휴게소,00:00,23:59,53532,118,N,Y,Y,Y,N,N,Y,N,Y,Y,Y,,,063-432-1380,2021-08-09,B500004,한국도로공사
진안마이산(장수),고속국도,20,익산장수선,상행,35.7748201,127.426362,일반휴게소,00:00,23:59,50251,138,N,Y,Y,Y,N,N,Y,N,Y,Y,Y,,,063-432-6350,2021-08-09,B500004,한국도로공사
진영(부산),고속국도,10,남해선,상행,35.2779101,128.715388,일반휴게소,00:00,23:59,22194,233,N,Y,N,Y,N,N,Y,N,Y,Y,Y,,,055-342-3236,2021-08-09,B500004,한국도로공사
진영(순천),고속국도,10,남해선,하행,35.280059,128.716044,일반휴게소,00:00,23:59,31124,188,Y,Y,Y,Y,N,N,Y,N,Y,Y,Y,,,055-342-3959,2021-08-09,B500004,한국도로공사
진주(부산),고속국도,10,남해선,상행,35.159772,128.1220101,간이휴게소,00:00,23:59,93523,231,N,Y,Y,Y,N,Y,Y,N,Y,Y,Y,,,055-759-3205,2021-08-09,B500004,한국도로공사
천등산(제천),고속국도,40,평택제천선,하행,37.061597,127.939378,일반휴게소,00:00,23:59,28016,69,N,Y,Y,Y,N,Y,Y,N,Y,Y,Y,,,043-844-2991,2021-08-09,B500004,한국도로공사
천등산(평택),고속국도,40,평택제천선,상행,37.076872,127.989171,일반휴게소,00:00,23:59,16876,69,N,Y,N,Y,N,Y,Y,N,Y,Y,Y,,,043-844-2930,2021-08-09,B500004,한국도로공사
천안삼거리(서울),고속국도,1,경부선,상행,36.787809,127.173455,일반휴게소,00:00,23:59,26533,257,N,Y,Y,Y,N,Y,Y,Y,Y,Y,Y,,,041-551-2480,2021-08-09,B500004,한국도로공사
천안호두(부산),고속국도,1,경부선,하행,36.730226,127.263879,일반휴게소,00:00,23:59,17803,176,N,Y,Y,Y,N,Y,Y,N,Y,Y,Y,,,041-552-4560,2021-08-09,B500004,한국도로공사
청송(영덕),고속국도,30,상주영덕선,상행,36.455725,129.0131901,일반휴게소,00:00,23:59,6394,51,N,Y,N,N,N,N,Y,N,Y,Y,Y,,,054-872-9101,2021-08-09,B500004,한국도로공사
청송(청주),고속국도,30,상주영덕선,하행,36.456721,129.012028,일반휴게소,00:00,23:59,6014,51,N,Y,N,N,N,N,Y,N,Y,Y,Y,,,054-872-5910,2021-08-09,B500004,한국도로공사
청주(서울),고속국도,1,경부선,상행,36.716005,127.349315,화물차휴게소,00:00,23:59,23402,287,N,Y,Y,Y,N,Y,Y,N,Y,Y,Y,,,043-237-1700,2021-08-09,B500004,한국도로공사
청통(대구),고속국도,20,대구포항선,하행,35.993928,128.859145,일반휴게소,00:00,23:59,47354,150,N,Y,Y,Y,N,Y,Y,N,Y,Y,Y,,,054-337-5009,2021-08-09,B500004,한국도로공사
추풍령(부산),고속국도,1,경부선,하행,36.200356,128.000331,일반휴게소,00:00,23:59,16546,176,Y,Y,Y,N,N,Y,Y,N,Y,Y,Y,,,054-430-2000,2021-08-09,B500004,한국도로공사
추풍령(서울),고속국도,1,경부선,상행,36.199708,128.003242,일반휴게소,00:00,23:59,0,0,Y,Y,Y,N,N,Y,Y,N,Y,Y,Y,,,054-439-3187,2021-08-09,B500004,한국도로공사
춘천(부산),고속국도,55,중앙선,하행,37.8126801,127.766078,일반휴게소,00:00,23:59,46378,209,N,Y,Y,Y,N,Y,Y,N,Y,Y,Y,,,033-264-0500,2021-08-09,B500004,한국도로공사
충주(양평),고속국도,45,중부내륙선,상행,37.023175,127.839297,일반휴게소,00:00,23:59,70169,237,N,Y,Y,Y,N,N,Y,N,Y,Y,Y,,,043-857-9229,2021-08-09,B500004,한국도로공사
충주(창원),고속국도,45,중부내륙선,하행,37.022229,127.837071,일반휴게소,00:00,23:59,63390,294,N,Y,Y,Y,N,Y,Y,N,Y,Y,Y,,,043-857-9339,2021-08-09,B500004,한국도로공사
치악(부산),고속국도,55,중앙선,하행,37.253647,128.048514,일반휴게소,00:00,23:59,45696,156,N,Y,Y,Y,N,Y,Y,N,Y,Y,Y,,,033-762-9234,2021-08-09,B500004,한국도로공사
치악(춘천),고속국도,55,중앙선,상행,37.256692,128.0488701,일반휴게소,00:00,23:59,61992,136,N,Y,Y,Y,N,Y,Y,N,Y,Y,Y,,,033-762-8030,2021-08-09,B500004,한국도로공사
칠곡(부산),고속국도,1,경부선,하행,36.019795,128.428517,화물차휴게소,00:00,23:59,29675,300,Y,Y,Y,Y,N,Y,Y,N,Y,Y,Y,,,054-975-2277,2021-08-09,B500004,한국도로공사
칠곡(서울),고속국도,1,경부선,상행,36.012005,128.4308001,일반휴게소,00:00,23:59,45558,257,Y,Y,Y,Y,N,N,Y,N,Y,Y,Y,,,054-975-1883,2021-08-09,B500004,한국도로공사
칠서(양평),고속국도,451,중부내륙지선,상행,35.3708801,128.496807,일반휴게소,00:00,23:59,22467,108,Y,Y,Y,Y,N,Y,Y,N,Y,Y,Y,,,055-587-9656,2021-08-09,B500004,한국도로공사
통도사(부산),고속국도,1,경부선,하행,35.488841,129.090775,일반휴게소,00:00,23:59,23752,117,N,Y,Y,Y,N,Y,Y,N,Y,Y,Y,,,055-383-6145,2021-08-09,B500004,한국도로공사
평사(부산),고속국도,1,경부선,하행,35.885522,128.867541,일반휴게소,00:00,23:59,44617,187,N,Y,Y,Y,N,N,Y,N,Y,Y,Y,,,053-852-8651,2021-08-09,B500004,한국도로공사
평창(강릉),고속국도,50,영동선,상행,37.6055701,128.452681,일반휴게소,00:00,23:59,24871,98,N,Y,Y,Y,N,Y,Y,N,Y,Y,Y,,,033-334-5100,2021-08-09,B500004,한국도로공사
평창(인천),고속국도,50,영동선,하행,37.610876,128.463363,일반휴게소,00:00,23:59,25690,98,N,Y,Y,Y,N,Y,Y,N,Y,Y,Y,,,033-333-6131,2021-08-09,B500004,한국도로공사
평택,고속국도,40,평택제천선,양방향,37.045585,126.943774,일반휴게소,00:00,23:59,0,0,N,Y,Y,Y,N,Y,Y,Y,Y,Y,Y,,,031-683-4800,2021-08-09,B500004,한국도로공사
하남드림,고속국도,35,중부선,양방향,37.530281,127.206084,일반휴게소,00:00,23:59,29882,721,N,Y,Y,Y,N,N,Y,N,Y,Y,Y,,,031-791-4200,2021-08-09,B500004,한국도로공사
함안(부산),고속국도,10,남해선,상행,35.294068,128.346957,일반휴게소,00:00,23:59,63813,274,N,Y,Y,Y,N,N,Y,N,Y,Y,Y,,,055-582-2191,2021-08-09,B500004,한국도로공사
함안(순천),고속국도,10,남해선,하행,35.294701,128.344767,일반휴게소,00:00,23:59,61050,263,N,Y,Y,N,N,N,Y,N,Y,Y,Y,,,055-582-5470,2021-08-09,B500004,한국도로공사
함양(대전),고속국도,35,대전통영선,상행,35.551611,127.7604201,일반휴게소,00:00,23:59,20787,101,N,Y,Y,Y,N,N,Y,N,Y,Y,Y,,,055-963-8001,2021-08-09,B500004,한국도로공사
함양(통영),고속국도,35,대전통영선,하행,35.551322,127.758563,일반휴게소,00:00,23:59,29993,107,N,Y,Y,Y,N,Y,Y,N,Y,Y,Y,,,055-963-6717,2021-08-09,B500004,한국도로공사
함평나비(광주),고속국도,12,무안광주선,상행,35.037283,126.511676,일반휴게소,00:00,23:59,50294,105,N,Y,Y,Y,N,Y,Y,N,Y,Y,Y,,,061-324-8840,2021-08-09,B500004,한국도로공사
함평나비(무안),고속국도,12,무안광주선,하행,35.038198,126.508813,일반휴게소,00:00,23:59,47179,105,N,Y,Y,Y,N,Y,Y,N,Y,Y,Y,,,061-324-8858,2021-08-09,B500004,한국도로공사
함평천지(목포),고속국도,15,서해안선,하행,35.069687,126.478247,일반휴게소,00:00,23:59,26068,93,N,Y,N,Y,N,Y,Y,N,Y,Y,Y,,,061-323-3751,2021-08-09,B500004,한국도로공사
함평천지(서울),고속국도,15,서해안선,상행,35.130746,126.482295,일반휴게소,00:00,23:59,46847,118,N,Y,Y,Y,N,Y,Y,N,Y,Y,Y,,,061-323-3641,2021-08-09,B500004,한국도로공사
행담도,고속국도,15,서해안선,양방향,36.944819,126.807525,일반휴게소,00:00,23:59,202440,1729,Y,Y,Y,Y,N,Y,Y,Y,Y,Y,Y,,,041-358-0700,2021-08-09,B500004,한국도로공사
현풍(대구),고속국도,451,중부내륙지선,상행,35.701841,128.4381001,일반휴게소,00:00,23:59,21068,96,N,Y,Y,Y,N,N,Y,N,Y,Y,Y,,,053-615-0337,2021-08-09,B500004,한국도로공사
현풍(창원),고속국도,451,중부내륙지선,하행,35.701783,128.435359,일반휴게소,00:00,23:59,47569,87,N,Y,Y,Y,N,N,Y,N,Y,Y,Y,,,053-614-2436,2021-08-09,B500004,한국도로공사
홍성(목포),고속국도,15,서해안선,하행,36.552584,126.579514,일반휴게소,00:00,23:59,54324,214,N,Y,Y,Y,N,Y,Y,N,Y,Y,Y,,,041-642-1151,2021-08-09,B500004,한국도로공사
홍성(서울),고속국도,15,서해안선,상행,36.5524301,126.5818701,일반휴게소,00:00,23:59,49784,214,N,Y,Y,Y,N,Y,Y,N,Y,Y,Y,,,041-642-1172,2021-08-09,B500004,한국도로공사
홍천(서울),고속국도,60,서울양양선,하행,37.758898,128.0065801,일반휴게소,00:00,23:59,42203,188,N,Y,Y,Y,N,N,Y,N,Y,Y,Y,,,033-436-9000,2021-08-09,B500004,한국도로공사
홍천(양양),고속국도,60,서울양양선,상행,37.757369,128.003099,일반휴게소,00:00,23:59,42378,160,N,Y,Y,Y,N,N,Y,N,Y,Y,Y,,,033-436-3000,2021-08-09,B500004,한국도로공사
홍천강(춘천),고속국도,55,중앙선,상행,37.712386,127.827719,일반휴게소,00:00,23:59,23928,142,N,Y,Y,Y,N,Y,Y,N,Y,Y,Y,,,033-435-1201,2021-08-09,B500004,한국도로공사
화서(영덕),고속국도,30,당진영덕선,상행,36.444053,127.922637,일반휴게소,00:00,23:59,64043,150,N,Y,Y,Y,N,Y,Y,N,Y,Y,Y,,,054-531-1982,2021-08-09,B500004,한국도로공사
화성(목포),고속국도,15,서해안선,하행,37.143612,126.8790801,일반휴게소,00:00,23:59,81664,623,N,Y,Y,Y,N,Y,Y,N,Y,Y,Y,,,031-353-8140,2021-08-09,B500004,한국도로공사
화성(서울),고속국도,15,서해안선,상행,37.143497,126.881289,일반휴게소,00:00,23:59,55517,414,N,Y,Y,Y,N,Y,Y,N,Y,Y,Y,,,031-353-8143,2021-08-09,B500004,한국도로공사
황간(부산),고속국도,1,경부선,하행,36.248899,127.8526701,일반휴게소,00:00,23:59,43386,133,N,Y,Y,Y,N,N,Y,N,Y,Y,Y,,,043-742-5805,2021-08-09,B500004,한국도로공사
황간(서울),고속국도,1,경부선,상행,36.249437,127.854835,일반휴게소,00:00,23:59,32652,104,N,Y,N,Y,N,N,Y,N,Y,Y,Y,,,043-742-7633,2021-08-09,B500004,한국도로공사
황전(순천),고속국도,27,순천완주선,하행,35.148905,127.454145,일반휴게소,00:00,23:59,26097,98,N,Y,Y,Y,N,N,Y,N,Y,Y,Y,,,061-782-1135,2021-08-09,B500004,한국도로공사
황전(완주),고속국도,27,순천완주선,상행,35.153306,127.454683,일반휴게소,00:00,23:59,34013,99,N,Y,Y,Y,N,N,Y,N,Y,Y,Y,,,061-782-1154,2021-08-09,B500004,한국도로공사
횡성(강릉),고속국도,50,영동선,상행,37.462755,128.133969,일반휴게소,00:00,23:59,47509,235,N,Y,Y,Y,Y,Y,Y,N,Y,Y,Y,,,033-342-4231,2021-08-09,B500004,한국도로공사
횡성(인천),고속국도,50,영동선,하행,37.464983,128.135449,일반휴게소,00:00,23:59,28345,151,N,Y,Y,Y,Y,Y,Y,N,Y,Y,Y,,,033-344-3832,2021-08-09,B500004,한국도로공사
송산포도휴게소,고속국도,153,평택시흥선,양방향,37.234958,126.760237,일반휴게소,00:00,23:59,116726,586,N,Y,Y,Y,N,Y,Y,N,Y,Y,Y,"샤워실+세탁실+ATM+특산물+하이패스무인충전기+와이파이존+공기청정기+식권무인발매기+고객용PC 및 프린터, FAX, 핸드폰충전기+셀프코너(주유소)",송산이네 우리콩 된장찌개+송산포도호두과자,031-355-1564,2019-08-27,1613000,국토교통부
경기광주휴게소(상행),고속국도,52,광주원주선,상행,37.380758,127.425385,일반휴게소,00:00,23:59,38613,252,N,Y,Y,Y,N,Y,Y,N,Y,Y,Y,고객용PC+ATM+휴대폰충전기+하이패스무인충전기+프린터+ FAX,소머리곰탕+교동짬뽕,031-8027-3945,2019-08-27,1613000,국토교통부
경기광주휴게소(하행),고속국도,52,광주원주선,하행,37.379740,127.436260,일반휴게소,00:00,23:59,38897,242,N,Y,Y,Y,N,Y,Y,N,Y,Y,Y,고객용PC+ATM+휴대폰충전기+하이패스무인충전기+프린터+ FAX,소불고기반상+갑오징어와제육불고기쌈밥,031-8027-3940,2019-08-27,1613000,국토교통부
양평휴게소(상행),고속국도,52,광주원주선,상행,37.399238,127.723546,일반휴게소,00:00,23:59,34768,222,N,Y,N,Y,N,Y,Y,N,Y,Y,Y,고객용PC+ATM+휴대폰충전기+하이패스무인충전기+프린터+ FAX,양평가마솥장터국밥+양평궁중비빔밥,031-8027-2191,2019-08-27,1613000,국토교통부
양평휴게소(하행),고속국도,52,광주원주선,하행,37.397226,127.726705,일반휴게소,00:00,23:59,34485,280,N,Y,N,Y,N,Y,Y,N,Y,Y,Y,고객용PC+ATM+휴대폰충전기+하이패스무인충전기+프린터+ FAX,양평가마솥장터국밥+양평궁중비빔밥,031-8027-2172,2019-08-27,1613000,국토교통부
낙동강의성휴게소,고속국도,301,상주영천선,하행,36.343660,128.300492,일반휴게소,00:00,23:59,48351,266,N,Y,Y,Y,Y,Y,Y,N,Y,Y,Y,샤워실+세탁실+ATM+기사식당,의성마늘돈까스,054-475-2975,2019-08-27,1613000,국토교통부
낙동강구미휴게소,고속국도,301,상주영천선,상행,36.346071,128.296200,일반휴게소,00:00,23:59,48338,266,N,Y,Y,Y,Y,Y,Y,N,Y,Y,Y,샤워실+세탁실+ATM+기사식당,양지버섯국밥,054-475-2971,2019-08-27,1613000,국토교통부
군위영천휴게소,고속국도,301,상주영천선,하행,36.071348,128.708164,일반휴게소,00:00,23:59,53830,261,N,Y,Y,Y,N,Y,Y,N,Y,Y,Y,샤워실+세탁실+ATM+기사식당,추억의 도시락,054-383-8448,2019-08-27,1613000,국토교통부
삼국유사군위휴게소,고속국도,301,상주영천선,상행,36.079721,128.696781,일반휴게소,00:00,23:59,52679,261,N,Y,Y,Y,N,Y,Y,N,Y,Y,Y,샤워실+세탁실+ATM+기사식당,추억의 도시락,054-383-8778,2019-08-27,1613000,국토교통부
별내휴게소,고속국도,29,세종포천선(구리-포천),하행,37.7068902,127.126789,일반휴게소,00:00,23:59,41358,247,N,Y,Y,Y,N,Y,Y,N,Y,Y,Y,샤워실+세탁실+수면실+ATM,남양주식불고기비빔밥,031-524-9773,2019-08-27,1613000,국토교통부
의정부휴게소,고속국도,29,세종포천선(구리-포천),상행,37.435893,127.114709,일반휴게소,00:00,23:59,39616,259,N,Y,Y,Y,N,Y,Y,N,Y,Y,Y,샤워실+세탁실+수면실+ATM,의정부부대찌개,031-928-4113,2019-08-27,1613000,국토교통부
증평 인삼관광휴게소,지방도,510,지방도,,36.795296,127.587986,간이휴게소,00:00,24:00,12358,,N,N,N,Y,N,Y,Y,N,N,Y,Y,,,043-835-3761,2018-08-23,5570000,충청북도 증평군
상개화물차휴게소,시도,광3-3,산업로,상행,35.504483,129.320659,화물차휴게소,00:00,24:00,49166,454,Y,Y,N,Y,N,Y,Y,N,N,Y,Y,샤워실+세탁실+수면실+세차장+체력단련실,,052-257-8484,2021-04-15,6310000,울산광역시
약수화물차휴게소,일반국도,7호선,산업로,하행,35.645302,129.342988,화물차휴게소,00:00,24:00,41915,370,Y,Y,N,Y,N,Y,Y,N,N,Y,Y,샤워실+세탁실+수면실+세차장+체력단련실,,052-946-2200,2021-04-15,6310000,울산광역시
진도휴게소,일반국도,18호선,진도~구례선,상행,34.568986,126.300201,일반휴게소,08:00,20:00,1863,83,N,N,N,Y,N,Y,Y,N,N,Y,Y,특산물 편의점,,061-540-6446,2021-06-01,5000000,전라남도 진도군
강릉(강릉),고속국도,50,영동선,상행,37.758206,128.806648,일반휴게소,00:00,23:59,85218,252,N,Y,Y,Y,N,Y,Y,N,Y,Y,Y,,,033-648-8850,2021-08-09,B500004,한국도로공사
노성휴게소,일반국도,13,진무로,,35.893581,127.546687,간이휴게소,09:00,21:00,35,,N,N,N,N,N,Y,Y,N,N,Y,N,,커피+과자류,063-430-8714,2020-06-23,4730000,전라북도 진안군
삼락쉼터,지방도,795,진용로,,35.935451,127.530235,간이휴게소,09:00,20:00,40,,N,N,N,N,N,Y,Y,N,N,Y,N,,,063-430-8714,2020-06-23,4730000,전라북도 진안군
월포휴게소,일반국도,30,진무로,,35.876965,127.501088,간이휴게소,09:00,20:00,25,,N,N,N,N,N,Y,Y,N,N,N,N,,,063-430-8714,2020-06-23,4730000,전라북도 진안군
영종대교휴게소,고속국도,130,인천국제공항선,하행,37.553795,126.607044,일반휴게소,08:00,21:00,10115,82,N,Y,N,Y,N,Y,Y,N,Y,Y,Y,느린우체통+전망대+ATM+하이패스무인충전기,장터국밥+수제왕돈까스+전주비빕밥,032-560-6400,2019-08-27,1613000,국토교통부
정안알밤휴게소(상행),고속국도,25,호남선(천안-논산),상행,36.568514,127.113663,일반휴게소,00:00,23:59,20344,277,Y,Y,Y,Y,Y,Y,Y,N,Y,Y,Y,"ATM+산책로(지압길, 체육시설)+전망대+고객용PC+휴대폰충전기+하이패스무인충전기(하이플러스, EX)+복합기(프린터,팩스)+고속도로교통정보 모니터+와이파이공유기",왕갈비탕+정안알밤닭갈비화로구이,041-858-0562,2019-08-27,1613000,국토교통부
정안알밤휴게소(하행),고속국도,25,호남선(천안-논산),하행,36.572056,127.113535,일반휴게소,00:00,23:59,17358,332,Y,Y,Y,Y,Y,Y,Y,N,Y,Y,Y,"ATM+다람쥐공원+연못+어린이놀이터+로컬푸드코너+고객용PC+휴대폰충전기+하이패스무인충전기(하이플러스, EX)+복합기(프린터,팩스)+고속도로교통정보 모니터+와이파이공유기",왕갈비탕+알밤한우돌솥비빔밥+김치찌개,041-858-0522,2019-08-27,1613000,국토교통부
이인휴게소,고속국도,25,호남선(천안-논산),상행,36.351691,127.068272,일반휴게소,00:00,23:59,18461,194,Y,Y,Y,Y,N,Y,Y,N,Y,Y,Y,ATM+장승공원+무료와이파이+핸드폰충전기+하이패스무인충전기+프린터+팩스+고객용PC,왕갈비탕+생생돈가스,041-856-8351,2019-08-27,1613000,국토교통부
탄천휴게소,고속국도,25,호남선(천안-논산),하행,36.320162,127.071268,일반휴게소,00:00,23:59,18703,184,Y,Y,Y,Y,N,Y,Y,N,Y,Y,Y,"ATM+백제문화갤러리+공주 장선리 토실 유적지+무료와이파이+핸드폰충전기+하이패스무인충전기+프린터,팩스,고객용PC",왕갈비탕+생생돈가스,041-854-3521,2019-08-27,1613000,국토교통부
청도새마을휴게소(상행),고속국도,55,중앙선(대구-부산),상행,35.589988,128.767670,일반휴게소,00:00,23:59,61078,287,Y,Y,Y,Y,N,Y,Y,N,Y,Y,Y,샤워실+세탁실+ATM+내고장특산물코너+와이파이공유기+쓰레기통,새마을육개장,054-373-6280,2019-08-27,1613000,국토교통부
청도새마을휴게소(하행),고속국도,55,중앙선(대구-부산),하행,35.599057,128.768933,일반휴게소,00:00,23:59,53473,214,Y,Y,Y,Y,N,Y,Y,N,Y,Y,Y,전망대+샤워실+세탁실+ATM+내고장특산물코너+와이파이공유기+쓰레기통,새마을육개장,054-373-8121,2019-08-27,1613000,국토교통부
양주간이휴게소,고속국도,100,서울외곽순환선,하행,37.4046243,126.5510345,간이휴게소,00:00,23:59,5965,81,N,Y,Y,Y,Y,N,Y,N,Y,Y,Y,ATM,덕평소고기 국밥,031-871-2994,2019-08-27,1613000,국토교통부
장안휴게소(상행),고속국도,65,부산울산선,상행,35.379502,129.247713,일반휴게소,00:00,23:59,40848,167,N,Y,Y,Y,N,Y,Y,N,Y,Y,Y,ATM+특산물코너,사골버섯육개장,051-727-3714,2019-08-27,1613000,국토교통부
장안휴게소(하행),고속국도,65,부산울산선,하행,35.381913,129.247302,일반휴게소,00:00,23:59,45721,167,N,Y,Y,Y,N,Y,Y,N,Y,Y,Y,ATM+특산물코너+산책로,사골버섯육개장,051-727-3647,2019-08-27,1613000,국토교통부
가평휴게소(상행),고속국도,60,서울양양선(서울-춘천),하행,37.701486,127.543445,일반휴게소,00:00,23:59,52236,565,Y,Y,Y,Y,N,Y,Y,N,Y,Y,Y,ATM+특산물코너+야외테라스 쉼터+핸드폰 충전기+고객용 PC 및 프린터+고객 도움벨,가평잣소고기국밥+가평잣산채비빔밥+해물순두부찌개,031-584-1425,2019-08-27,1613000,국토교통부
가평휴게소(하행),고속국도,60,서울양양선(서울-춘천),상행,37.702608,127.546298,일반휴게소,00:00,23:59,52697,581,Y,Y,Y,Y,N,Y,Y,Y,Y,Y,Y,ATM+애견파크+야외테라스 쉼터+핸드폰 충전기+고객용 PC 및 프린터+고객 도움벨,가평잣소고기국밥+가평잣산채비빔밥+해물순두부찌개,031-584-1426,2019-08-27,1613000,국토교통부
오산휴게소(상행),고속국도,400,수도권제2순환선(봉담-동탄),상행,37.178892,127.036575,일반휴게소,00:00,23:59,51647,192,N,Y,Y,Y,N,Y,Y,N,Y,Y,Y,ATM,곤드레돌솥비빔밥+짬뽕순두부찌개,031-370-5550,2019-08-27,1613000,국토교통부
오산휴게소(하행),고속국도,400,수도권제2순환선(봉담-동탄),하행,37.175917,127.038088,일반휴게소,00:00,23:59,62167,244,N,Y,Y,Y,N,Y,Y,N,Y,Y,Y,ATM,곤드레돌솥비빔밥+짬뽕순두부찌개,031-370-5500,2019-08-27,1613000,국토교통부
금왕(평택),고속국도,40,평택제천선,상행,36.970655,127.589499,간이휴게소,00:00,23:59,42627,170,N,Y,Y,Y,N,Y,Y,N,Y,Y,Y,,,043-877-7000,2021-08-09,B500004,한국도로공사
기흥(부산),고속국도,1,경부선,하행,37.235125,127.104595,일반휴게소,00:00,23:59,72615,418,N,Y,Y,Y,N,N,Y,N,Y,Y,Y,,,031-286-5001,2021-08-09,B500004,한국도로공사
김천(부산),고속국도,1,경부선,하행,36.129252,128.164782,화물차휴게소,00:00,23:59,45224,193,N,Y,Y,Y,N,Y,Y,N,Y,Y,Y,,,054-435-0211,2021-08-09,B500004,한국도로공사
김천(서울),고속국도,1,경부선,상행,36.131107,128.164009,화물차휴게소,00:00,23:59,30577,163,N,Y,Y,Y,N,N,Y,N,Y,Y,Y,,,054-433-1523,2021-08-09,B500004,한국도로공사
김해금관가야,고속국도,600,부산외곽선,양방향,35.269933,129.003134,일반휴게소,00:00,23:59,52100,337,N,Y,N,Y,N,N,Y,N,Y,Y,Y,,,055-312-2820,2021-08-09,B500004,한국도로공사
남성주참외(양평),고속국도,45,중부내륙선,상행,35.858422,128.319904,일반휴게소,00:00,23:59,39978,136,N,Y,Y,Y,N,N,Y,N,Y,Y,Y,,,054-931-5741,2021-08-09,B500004,한국도로공사
남성주참외(창원),고속국도,45,중부내륙선,하행,35.869015,128.316816,일반휴게소,00:00,23:59,38447,110,N,Y,Y,Y,N,N,Y,N,Y,Y,Y,,,054-933-7105,2021-08-09,B500004,한국도로공사
내린천,고속국도,60,서울양양선,양방향,37.916535,128.286377,일반휴게소,00:00,23:59,88867,330,N,Y,Y,Y,N,N,Y,N,Y,Y,Y,,,033-852-8619,2021-08-09,B500004,한국도로공사
논공(광주),고속국도,12,광주대구선,하행,35.767421,128.403493,일반휴게소,00:00,23:59,29234,125,N,Y,Y,Y,N,N,Y,N,Y,Y,Y,,,070-4304-0600,2021-08-09,B500004,한국도로공사
단양(춘천방향)휴게소,고속국도,55,중앙선,,36.939341,128.320788,일반휴게소,00:00,24:00,79980,,,Y,Y,Y,N,Y,Y,,,Y,Y,,수제등심돈가스,043-421-1671,2020-01-02,4480000,충청북도 단양군
단양(부산방향)휴게소,고속국도,55,중앙선,,36.995355,128.287598,일반휴게소,00:00,24:00,31481,,,Y,Y,Y,N,Y,Y,,,Y,Y,,단양마늘약초갈비탕,043-423-5403,2020-01-02,4480000,충청북도 단양군
정읍녹두장군휴게소,고속국도,25,호남선,하행,35.599968,126.864341,일반휴게소,00:00,23:59,30000,140,Y,Y,Y,Y,N,Y,Y,N,Y,Y,Y,샤워실+세탁실+수면실,산외한우뚝배기불고기,063-532-0510,2020-06-30,4690000,전라북도 정읍시
옥거쉼터,지방도,795,진용로,,35.943484,127.494575,간이휴게소,09:00,20:00,10,,N,N,N,N,N,Y,Y,N,N,N,N,,,063-430-8714,2020-06-23,4730000,전라북도 진안군
와룡쉼터,군도,22,주용로,,35.953011,127.466423,간이휴게소,09:00,20:00,20,,N,N,N,N,N,Y,Y,N,N,N,N,,,063-430-8714,2020-06-23,4730000,전라북도 진안군
용평쉼터,일반국도,30,진무로,,35.876457,127.498212,간이휴게소,09:00,20:00,15,,N,N,N,N,N,Y,Y,N,N,N,N,,,063-430-8714,2020-06-23,4730000,전라북도 진안군
강릉(인천),고속국도,50,영동선,하행,37.760275,128.8053601,일반휴게소,00:00,23:59,71026,279,N,Y,Y,Y,N,Y,Y,N,Y,Y,Y,,,033-647-9970,2021-08-09,B500004,한국도로공사
강천산(광주),고속국도,12,광주대구선,하행,35.3657501,127.105451,일반휴게소,00:00,23:59,17767,63,N,Y,N,Y,N,N,Y,N,Y,Y,Y,,,063-653-4033,2021-08-09,B500004,한국도로공사
강천산(대구),고속국도,12,광주대구선,상행,35.364369,127.104757,간이휴게소,00:00,23:59,12365,56,N,Y,N,Y,N,Y,Y,N,Y,Y,Y,,,063-653-3050,2021-08-09,B500004,한국도로공사
거창(광주),고속국도,12,광주대구선,하행,35.708862,128.057962,일반휴게소,00:00,23:59,56462,110,N,Y,Y,Y,N,N,Y,N,Y,Y,Y,,,055-943-0992,2021-08-09,B500004,한국도로공사
거창(대구),고속국도,12,광주대구선,상행,35.706469,128.056945,일반휴게소,00:00,23:59,56462,86,N,Y,N,Y,N,N,Y,N,Y,Y,Y,,,055-943-9534,2021-08-09,B500004,한국도로공사
건천(부산),고속국도,1,경부선,하행,35.830716,129.1093101,간이휴게소,00:00,23:59,13041,146,N,Y,N,Y,N,Y,Y,N,Y,Y,Y,,,054-751-6890,2021-08-09,B500004,한국도로공사
건천(서울),고속국도,1,경부선,상행,35.831894,129.109244,일반휴게소,00:00,23:59,23174,124,N,Y,N,Y,N,Y,Y,N,Y,Y,Y,,,054-751-7401,2021-08-09,B500004,한국도로공사
경산(서울),고속국도,1,경부선,상행,35.879323,128.810331,일반휴게소,00:00,23:59,40171,215,Y,Y,Y,Y,N,N,Y,N,Y,Y,Y,,,053-852-5243,2021-08-09,B500004,한국도로공사
경주(부산),고속국도,1,경부선,하행,35.724761,129.1929501,화물차휴게소,00:00,23:59,72848,290,Y,Y,Y,Y,N,Y,Y,N,Y,Y,Y,,,054-748-3195,2021-08-09,B500004,한국도로공사
고성공룡나라(대전),고속국도,35,대전통영선,상행,35.056665,128.252359,일반휴게소,00:00,23:59,50422,160,N,Y,Y,Y,N,Y,Y,N,Y,Y,Y,,,055-674-0494,2021-08-09,B500004,한국도로공사
고성공룡나라(통영),고속국도,35,대전통영선,하행,35.0518101,128.262763,화물차휴게소,00:00,23:59,42488,187,N,Y,Y,Y,N,Y,Y,N,Y,Y,Y,,,055-674-7028,2021-08-09,B500004,한국도로공사
고창고인돌(목포),고속국도,15,서해안선,하행,35.468653,126.673871,일반휴게소,00:00,23:59,52451,294,Y,Y,Y,Y,N,N,Y,N,Y,Y,Y,,,063-561-6313,2021-08-09,B500004,한국도로공사
고창고인돌(서울),고속국도,15,서해안선,상행,35.4620701,126.673477,일반휴게소,00:00,23:59,114191,261,N,Y,Y,Y,N,N,Y,N,Y,Y,Y,,,063-561-6323,2021-08-09,B500004,한국도로공사
곡성(순천),고속국도,25,호남선,하행,35.258498,127.150737,일반휴게소,00:00,23:59,16137,54,N,Y,Y,Y,N,N,Y,N,Y,Y,Y,,,061-363-2766,2021-08-09,B500004,한국도로공사
영덕휴게소,일반국도,7번,일반국도7호선,상행,36.528948,129.403459,일반휴게소,07:00,22:00,18000,150,N,Y,N,N,N,Y,Y,N,N,Y,Y,,육개장,054-734-5980,2020-07-15,5180000,경상북도 영덕군
병곡휴게소,일반국도,7번,일반국도7호선,상행,36.606818,129.413634,일반휴게소,07:00,20:00,5000,80,N,N,N,N,N,Y,Y,N,N,Y,Y,,정식,054-732-2484,2020-07-15,5180000,경상북도 영덕군
칠보산휴게소,일반국도,7번,일반국도7호선,하행,36.632392,129.416259,일반휴게소,07:00,22:00,6000,120,N,N,N,N,N,Y,Y,N,N,Y,Y,,부페,054-734-5801,2020-07-15,5180000,경상북도 영덕군
영산휴게소,고속국도,45번,중부내륙,하행,35.430028,128.495881,일반휴게소,00:00,00:00,15032,139,,Y,Y,Y,N,Y,Y,,Y,Y,Y,,"창녕양파제육덮밥, 창녕양파제육덮밥정식",055-521-2978,2020-09-22,5410000,경상남도 창녕군
정읍녹두장군휴게소,고속국도,25,호남선,상행,35.601456,126.862006,일반휴게소,00:00,23:59,38000,159,Y,Y,Y,Y,N,Y,Y,N,Y,Y,Y,샤워실+세탁실+수면실,복분자낙지연포탕,063-532-2373,2020-06-30,4690000,전라북도 정읍시
괴산(창원),고속국도,45,중부내륙선,,36.8317868,127.959603,일반휴게소,00:00,23:59,37162,90,N,Y,Y,Y,N,Y,Y,N,Y,Y,Y,,,043-832-7966,2020-06-30,4460000,충청북도 괴산군
괴산(양평),고속국도,45,중부내륙선,,36.83146126,127.958292,일반휴게소,00:00,23:59,38776,90,N,Y,Y,Y,N,Y,Y,N,Y,Y,Y,,,043-832-6594,2020-06-30,4460000,충청북도 괴산군
여수화물자동차휴게소,시도,대로1-4,도시계획도로,,34.797906,127.662228,화물차휴게소,00:00,23:59,0,396,Y,Y,Y,Y,N,Y,Y,N,N,Y,Y,,,061-692-9678,2020-11-02,4810000,전라남도 여수시
곡성(천안),고속국도,25,호남선,상행,35.259632,127.152741,일반휴게소,00:00,23:59,24680,118,N,Y,Y,Y,N,Y,Y,N,Y,Y,Y,,,061-362-8300,2021-08-09,B500004,한국도로공사
공주(당진),고속국도,30,당진영덕선,하행,36.498679,127.164921,일반휴게소,00:00,23:59,52144,178,N,Y,Y,Y,N,N,Y,N,Y,Y,Y,,,041-854-0050,2021-08-09,B500004,한국도로공사
공주(대전),고속국도,30,당진영덕선,상행,36.496946,127.1666701,일반휴게소,00:00,23:59,49748,188,N,Y,Y,Y,N,N,Y,N,Y,Y,Y,,,041-854-6060,2021-08-09,B500004,한국도로공사
괴산(양평),고속국도,45,중부내륙선,상행,36.831894,127.960141,일반휴게소,00:00,23:59,38776,90,N,Y,Y,Y,N,Y,Y,N,Y,Y,Y,,,043-832-6594,2021-08-09,B500004,한국도로공사
괴산(창원),고속국도,45,중부내륙선,하행,36.831456,127.957845,일반휴게소,00:00,23:59,37162,90,N,Y,Y,Y,N,Y,Y,N,Y,Y,Y,,,043-832-7966,2021-08-09,B500004,한국도로공사
구리(일산),고속국도,100,수도권제1순환선,하행,37.628023,127.139237,간이휴게소,00:00,23:59,19500,144,N,Y,Y,Y,N,N,Y,N,Y,Y,Y,,,031-529-3564,2021-08-09,B500004,한국도로공사
구정(삼척),고속국도,65,동해선,하행,37.722214,128.8511601,일반휴게소,00:00,23:59,41920,230,N,Y,N,Y,N,N,Y,N,Y,Y,Y,,,033-644-8345,2021-08-09,B500004,한국도로공사
구정(속초),고속국도,65,동해선,상행,37.723012,128.854228,일반휴게소,00:00,23:59,52345,226,N,Y,N,Y,N,Y,Y,N,Y,Y,Y,,,033-644-4760,2021-08-09,B500004,한국도로공사
군산(목포),고속국도,15,서해안선,하행,35.980591,126.828971,일반휴게소,00:00,23:59,14071,151,N,Y,Y,Y,N,Y,Y,N,Y,Y,Y,,,063-453-0402,2021-08-09,B500004,한국도로공사
군산(서울),고속국도,15,서해안선,상행,36.018831,126.797698,일반휴게소,00:00,23:59,50249,226,N,Y,Y,Y,N,Y,Y,N,Y,Y,Y,,,063-453-2818,2021-08-09,B500004,한국도로공사
군위(부산),고속국도,55,중앙선,하행,36.266556,128.574852,일반휴게소,00:00,23:59,36839,227,N,Y,Y,Y,N,N,Y,N,Y,Y,Y,,,054-383-6114,2021-08-09,B500004,한국도로공사
군위(춘천),고속국도,55,중앙선,상행,36.266002,128.576774,일반휴게소,00:00,23:59,39273,227,N,Y,Y,Y,N,N,Y,N,Y,Y,Y,,,054-383-7114,2021-08-09,B500004,한국도로공사
금강(부산),고속국도,1,경부선,하행,36.279148,127.672231,일반휴게소,00:00,23:59,17409,295,Y,Y,N,Y,N,N,Y,N,Y,Y,Y,,,043-731-2233,2021-08-09,B500004,한국도로공사
금산인삼랜드(대전),고속국도,35,대전통영선,상행,36.154689,127.497681,일반휴게소,00:00,23:59,40492,187,N,Y,Y,Y,Y,Y,Y,N,Y,Y,Y,,,041-754-9200,2021-08-09,B500004,한국도로공사
금산인삼랜드(통영),고속국도,35,대전통영선,하행,36.152874,127.495954,일반휴게소,00:00,23:59,48351,237,N,Y,Y,Y,Y,Y,Y,N,Y,Y,Y,,,041-751-2892,2021-08-09,B500004,한국도로공사
금왕(제천),고속국도,40,평택제천선,하행,36.9694501,127.590845,간이휴게소,00:00,23:59,42829,170,N,Y,Y,Y,N,Y,Y,N,Y,Y,Y,,,043-881-0001,2021-08-09,B500004,한국도로공사
양산휴게소(서울방향),고속국도,1번,경부선,,35.323156,129.056855,일반휴게소,00:00,24:00,6531.0,,,Y,Y,Y,N,Y,Y,,Y,Y,Y,,,055-384-0144,2020-10-29,5380000,경상남도 양산시
양산휴게소,고속국도,1번,경부선,,35.436649,129.069545,일반휴게소,00:00,24:00,46923.9,,,Y,Y,,N,,Y,,,Y,Y,,,055-375-9648,2020-10-29,5380000,경상남도 양산시
통도사휴게소(부산방향),고속국도,1번,경부선,,35.488787,129.090782,일반휴게소,00:00,24:00,29693.0,,,Y,Y,Y,N,Y,Y,,Y,Y,Y,,,055-383-6145,2020-10-29,5380000,경상남도 양산시
낙동강구미휴게소,고속국도,301,상주영천선,상행,36.346071,128.296201,일반휴게소,00:00,23:59,48338,266,N,Y,Y,Y,Y,Y,Y,N,Y,Y,Y,샤워실+세탁실+ATM+기사식당,양지버섯국밥,054-475-2971,2020-06-22,5080000,경상북도 구미시
선산(양평),고속국도,45,중부내륙선,,36.27762304,128.2489747,일반휴게소,00:00,23:59,32460,274,N,Y,Y,Y,Y,Y,Y,N,Y,Y,Y,,,054-482-6011,2020-06-22,5080000,경상북도 구미시
선산(창원),고속국도,45,중부내륙선,,36.27462729,128.2508171,일반휴게소,00:00,23:59,28943,297,N,Y,Y,Y,Y,Y,Y,N,Y,Y,Y,,,054-482-6031,2020-06-22,5080000,경상북도 구미시
초양도휴게소,일반국도,3,국도3호선,상행,34.9255272,128.0456998,일반휴게소,00:00,23:59,2787,51,N,N,N,N,N,Y,Y,N,N,Y,N,파고라+탐방안내소,,055-000-0000,2020-10-21,5340000,경상남도 사천시
곡성기차마을휴게소 순천방향,고속국도,25,호남고속도로,,35.25837545,127.1510125,일반휴게소,00:00,00:00,8562,,,Y,Y,Y,N,,Y,,,Y,Y,,,061-363-2766,2020-10-14,4860000,전라남도 곡성군
곡성기차마을휴게소 논산방향,고속국도,25,호남고속도로,,35.25965813,127.1526893,일반휴게소,06:00,22:00,6520,,,Y,Y,Y,N,,Y,,,Y,Y,,,061-362-8303,2020-10-14,4860000,전라남도 곡성군
영천휴게소(포항방면),고속국도,25,대구포항고속선,,36.058218,129.042286,일반휴게소,00:00,23:59,900,300,N,Y,Y,Y,N,Y,Y,N,Y,Y,Y,,영천마늘제유덮밥,054-338-0062,2021-02-19,5100000,경상북도 영천시
영천휴게소(대구방면),고속국도,25,대구포항고속선,,35.999097,128.858356,일반휴게소,00:00,23:59,900,300,N,Y,Y,Y,N,Y,Y,N,Y,Y,Y,,영천마늘제유덮밥,054-338-0037,2021-02-19,5100000,경상북도 영천시
청통(대구방향)휴게소,고속국도,25,대구포항고속선,,35.999097,128.858356,일반휴게소,00:00,23:59,900,170,Y,Y,Y,Y,N,Y,Y,N,Y,Y,Y,,산삼배양근비빕밥,054-337-5009,2021-02-19,5100000,경상북도 영천시
무주IC만남의광장,군도,7호,군도7호,,35.974202,127.651079,일반휴게소,08:00,23:59,582,150,N,N,N,Y,N,Y,Y,N,N,Y,Y,농특산물판매장,전통순두부,063-320-2571,2021-07-15,4740000,전라북도 무주군
함평천지휴게소,일반국도,1,목포-신의주,하행,35.033126,126.585988,일반휴게소,09:00,21:00,1000,,N,Y,N,N,N,Y,Y,N,Y,Y,Y,예식장,뷔페,061-323-9992,2021-07-14,4960000,전라남도 함평군
